drug_name;url;uses;side_effects;precautions
Metformin;https://medlineplus.gov/druginfo/meds/a696005.html;"Why is this medication prescribed? Metformin is used alone or with other medications, including insulin, to treat type 2 diabetes (condition in which the body does not use insulin normally and, therefore, cannot control the amount of sugar in the blood). Metformin is in a class of drugs called biguanides. Metformin helps to control the amount of glucose (sugar) in your blood. It decreases the amount of glucose you absorb from your food and the amount of glucose made by your liver. Metformin also increases your body's response to insulin, a natural substance that controls the amount of glucose in the blood. Metformin is not used to treat type 1 diabetes (condition in which the body does not produce insulin and therefore cannot control the amount of sugar in the blood). Over time, people who have diabetes and high blood sugar can develop serious or life-threatening complications, including heart disease, stroke, kidney problems, nerve damage, and eye problems. Taking medication(s), making lifestyle changes (e.g., diet, exercise, quitting smoking), and regularly checking your blood sugar may help to manage your diabetes and improve your health. This therapy may also decrease your chances of having a heart attack, stroke, or other diabetes-related complications such as kidney failure, nerve damage (numb, cold legs or feet; decreased sexual ability in men and women), eye problems, including changes or loss of vision, or gum disease. Your doctor and other healthcare providers will talk to you about the best way to manage your diabetes.";What side effects can this medication cause? This medication may cause changes in your blood sugar. You should know the symptoms of low and high blood sugar and what to do if you have these symptoms. Metformin may cause side effects. Tell your doctor if any of these symptoms are severe, do not go away, go away and come back, or do not begin for some time after you begin taking metformin: diarrhea nausea stomach discomfort gas indigestion constipation lack of energy or weakness change in sense of taste headache flushing of the skin nail changes muscle pain rash Some side effects can be serious. If you experience any of these symptoms or those listed in the IMPORTANT WARNING section, call your doctor immediately or get emergency treatment: chest pain Metformin may cause other side effects. Call your doctor if you have any unusual problems while taking this medication. If you experience a serious side effect, you or your doctor may send a report to the Food and Drug Administration's (FDA) MedWatch Adverse Event Reporting program online ( https://www.fda.gov/Safety/MedWatch ) or by phone (1-800-332-1088).;What special precautions should I follow? Before taking metformin, tell your doctor and pharmacist if you are allergic to metformin, any of the ingredients of metformin liquid or tablets, or any other medications. Ask your pharmacist or check the manufacturer's patient information for a list of the ingredients. tell your doctor and pharmacist what other prescription and nonprescription medications, vitamins, nutritional supplements, and herbal products you are taking. Your doctor may need to change the doses of your medications or monitor you carefully for side effects. tell your doctor if you have or have ever had low levels of vitamin B 12 in your body or any other medical conditions, especially those mentioned in the IMPORTANT WARNING section. tell your doctor if you are pregnant, plan to become pregnant, or are breastfeeding. If you become pregnant while taking metformin, call your doctor. tell your doctor if you eat less or exercise more than usual. This can affect your blood sugar. Your doctor will give you instructions if this happens.
Ibuprofen;https://medlineplus.gov/druginfo/meds/a682159.html;Why is this medication prescribed? Prescription ibuprofen is used to relieve pain, tenderness, swelling, and stiffness caused by osteoarthritis (arthritis caused by a breakdown of the lining of the joints) and rheumatoid arthritis (arthritis caused by swelling of the lining of the joints). It is also used to relieve mild to moderate pain, including menstrual pain (pain that happens before or during a menstrual period). Nonprescription ibuprofen is used to reduce fever and to relieve minor aches and pain from headaches, muscle aches, arthritis, menstrual periods, the common cold, toothaches, and backaches. Ibuprofen is in a class of medications called NSAIDs. It works by stopping the body's production of a substance that causes pain, fever, and inflammation.;What side effects can this medication cause? Ibuprofen may cause side effects. Tell your doctor if any of these symptoms are severe or do not go away: constipation gas or bloating dizziness nervousness ringing in the ears Some side effects can be serious. If you experience any of the following symptoms, or those mentioned in the IMPORTANT WARNING section, call your doctor immediately. Do not take any more ibuprofen until you speak to your doctor. unexplained weight gain shortness of breath or difficulty breathing swelling of the abdomen, feet, ankles, or lower legs diarrhea fever, rash, blisters, or peeling skin itching hives swelling of the eyes, face, throat, arms, or hands difficulty breathing or swallowing hoarseness excessive tiredness pain in the upper right part of the stomach nausea loss of appetite yellowing of the skin or eyes flu-like symptoms pale skin fast heartbeat cloudy, discolored, or bloody urine back pain difficult or painful urination blurred vision, changes in color vision, or other vision problems headache, stiff neck, fever Ibuprofen may cause other side effects. Call your doctor if you have any unusual problems while taking this medication. If you experience a serious side effect, you or your doctor may send a report to the Food and Drug Administration's (FDA) MedWatch Adverse Event Reporting program online ( https://www.fda.gov/Safety/MedWatch ) or by phone (1-800-332-1088).;"What special precautions should I follow? Before taking ibuprofen, tell your doctor and pharmacist if you are allergic to ibuprofen, aspirin or other NSAIDs such as ketoprofen and naproxen (Aleve, Naprosyn), any other medications, or any of the inactive ingredients in the type of ibuprofen you plan to take. Ask your pharmacist or check the label on the package for a list of the inactive ingredients. tell your doctor and pharmacist what prescription and nonprescription medications, vitamins, nutritional supplements, and herbal products you are taking or plan to take.Your doctor may need to change the doses of your medications or monitor you more carefully for side effects. do not take nonprescription ibuprofen with any other medication for pain unless your doctor tells you that you should. tell your doctor if you have or have ever had any of the conditions mentioned in the IMPORTANT WARNING section or asthma, especially if you also have frequent stuffed or runny nose or nasal polyps (swelling of the inside of the nose); heart failure; swelling of the hands, arms, feet, ankles, or lower legs; lupus (a condition in which the body attacks many of its own tissues and organs, often including the skin, joints, blood, and kidneys); or liver or kidney disease. If you are giving ibuprofen to a child, tell the child's doctor if the child has not been drinking fluids or has lost a large amount of fluid from repeated vomiting or diarrhea. tell your doctor if you are pregnant, plan to become pregnant; or are breast-feeding. Ibuprofen may harm the fetus and cause problems with delivery if it is taken around 20 weeks or later during pregnancy. Do not take ibuprofen around or after 20 weeks of pregnancy, unless you are told to do so by your doctor. If you become pregnant while taking ibuprofen, call your doctor. if you are having surgery, including dental surgery, tell the doctor or dentist that you are taking ibuprofen. talk to your doctor about the risks and benefits of taking ibuprofen if you are 75 years of age or older. Do not take this medication for a longer period of time or at a higher dose than recommended on the product label or by your doctor. if you have phenylketonuria (PKU, an inherited condition in which a special diet must be followed to prevent damage to your brain that can cause severe intellectual disability), read the package label carefully before taking nonprescription ibuprofen. Some types of nonprescription ibuprofen may be sweetened with aspartame, a source of phenylalanine."
Ceftaroline Injection;https://medlineplus.gov/druginfo/meds/a611014.html;Why is this medication prescribed? Ceftaroline injection is used to treat some types of skin infections caused by certain bacteria in adults, children, and infants, including newborns. Ceftaroline injection is used to treat some types of pneumonia (lung infection) caused by bacteria in adults, children, and infants 2 months of age and older. Ceftaroline is in a class of medications called cephalosporin antibiotics. It works by killing bacteria. Antibiotics such as ceftaroline injection will not work for colds, flu, or other viral infections. Using antibiotics when they are not needed increases your risk of getting an infection later that resists antibiotic treatment.;What side effects can this medication cause? Ceftaroline injection may cause side effects. Tell your doctor if any of these symptoms are severe or do not go away: diarrhea constipation nausea vomiting redness or irritation at the injection site Some side effects can be serious. If you experience any of these symptoms, call your doctor immediately: watery or bloody stools, stomach cramps or fever during treatment or for up to two or more months after stopping treatment hives rash itching difficulty breathing or swallowing swelling of the tongue or throat extreme tiredness pale skin fast or irregular heartbeat shortness of breath chest pain cold hands and feet dizziness tiredness, drowsiness, confusion, and slow thinking seizures Ceftaroline may cause other side effects. Call your doctor if you have any unusual problems while using this medication. If you experience a serious side effect, you or your doctor may send a report to the Food and Drug Administration's (FDA) MedWatch Adverse Event Reporting program online ( https://www.fda.gov/Safety/MedWatch ) or by phone (1-800-332-1088).;"What special precautions should I follow? Before using ceftaroline injection, tell your doctor and pharmacist if you are allergic to ceftaroline; other cephalosporin antibiotics such as cefaclor, cefadroxil,cefazolin (Ancef, Kefzol), cefdinir, cefditoren (Spectracef), cefepime (Maxipime), cefixime (Suprax), cefotaxime (Claforan), cefotetan, cefoxitin (Mefoxin), cefpodoxime, cefprozil, ceftazidime (Fortaz, Tazicef, in Avycaz), ceftibuten (Cedax), ceftriaxone (Rocephin), cefuroxime (Zinacef), and cephalexin (Keflex); penicillin antibiotics; carbapenem antibiotics; or any other medications. Ask your doctor or pharmacist if you are not sure if a medication you are allergic to belongs to one of these groups of medications. Also tell your doctor if you are allergic to any of the ingredients in ceftaroline injection. Ask your pharmacist for a list of the ingredients. tell your doctor and pharmacist what other prescription and nonprescription medications, vitamins, nutritional supplements, and herbal products you are taking or plan to take. Your doctor may need to change the doses of your medications or monitor you carefully for side effects. tell your doctor if you have or have ever had kidney disease. tell your doctor if you are pregnant, plan to become pregnant, or are breastfeeding. If you become pregnant while using ceftaroline injection, call your doctor."
Liraglutide Injection;https://medlineplus.gov/druginfo/meds/a611003.html;"Why is this medication prescribed? Liraglutide injection is used for the following: to control blood sugar levels in certain patients with type 2 diabetes (condition in which blood sugar is too high because the body does not make or use insulin normally). to reduce the risk of a heart attack, stroke, or death in adults with type 2 diabetes and heart and blood vessel disease. to assist with weight loss in certain people who are obese or overweight and have weight-related medical problems. Liraglutide injection is in a class of medications called incretin mimetics. It works by helping the pancreas to release the right amount of insulin when blood sugar levels are high. Insulin helps move sugar from the blood into other body tissues where it is used for energy. Liraglutide injection also slows the emptying of the stomach and may decrease appetite and cause weight loss. Over time, people who have diabetes and high blood sugar can develop serious or life-threatening complications, including heart disease, stroke, kidney problems, nerve damage, and eye problems. Using medication(s), making lifestyle changes (e.g., diet, exercise, quitting smoking), and regularly checking your blood sugar may help to manage your diabetes and improve your health. This therapy may also decrease your chances of having a heart attack, stroke, or other diabetes-related complications such as kidney failure, nerve damage (numb, cold legs or feet; decreased sexual ability in men and women), eye problems, including changes or loss of vision, or gum disease. Your doctor and other healthcare providers will talk to you about the best way to manage your diabetes.";"What side effects can this medication cause? This medication may cause changes in your blood sugar.  Signs and symptoms of low blood sugar may include dizziness or lightheadedness,   irritability,  sweating, hunger,  drowsiness, shakiness, weakness, headache, fast heart rate and feeling jittery. You should know the symptoms of low and high blood sugar and what to do if you have these symptoms. Liraglutide injection may cause side effects. Tell your doctor if any of these symptoms are severe or do not go away: headache constipation heartburn runny nose, sneezing, or cough tiredness difficulty urinating or pain or burning on urination injection site rash or redness Some side effects can be serious. If you experience either of these symptoms or those listed in the IMPORTANT WARNING or SPECIAL PRECAUTIONS sections, stop using liraglutide injection and call your doctor immediately: ongoing pain that begins in the upper left or middle of the stomach but may spread to the back new or worsening depression, unusual changes in mood or behavior, or thinking about harming or killing yourself vomiting nausea diarrhea clay-colored stools yellow eyes or skin rash; itching; swelling of the eyes, face, mouth, tongue, or throat; difficulty breathing or swallowing; fainting or feeling dizzy; or rapid or pounding heartbeat Liraglutide injection may cause other side effects. Call your doctor if you have any unusual problems while using this medication. If you experience a serious side effect, you or your doctor may send a report to the Food and Drug Administration's (FDA) MedWatch Adverse Event Reporting program online ( https://www.fda.gov/Safety/MedWatch ) or by phone ( 1-800-332-1088 ).";"What special precautions should I follow? Before using liraglutide injection, tell your doctor and pharmacist if you are allergic to this drug, any part of this drug, or any other drugs, foods or substances. Tell your doctor or pharmacist about the allergy and what symptoms you had. tell your doctor and pharmacist what other prescription and nonprescription medications, vitamins, nutritional supplements, and herbal products you are taking or plan to take while using liraglutide injection.   Your doctor may need to change the doses of your medications or monitor you carefully for side effects. the following nonprescription product may interact with liraglutide injection: acetaminophen (Tylenol Â® ). Be sure to let your doctor and pharmacist know that you are taking this medication before you start using liraglutide injection. Do not start this medication while using liraglutide injection without discussing with your healthcare provider. tell your doctor if you drink or have ever drunk large amounts of alcohol, if you have or have ever had depression, thought about or attempted suicide, changes in behavior, pancreatitis (inflammation of the pancreas); severe stomach problems, including gastroparesis (slowed movement of food from the stomach to the small intestine), problems digesting food; a high level of triglycerides (fats) in the blood; gallstones (solid deposits that form in the gallbladder); or gallbladder, kidney or liver disease. Also tell your doctor if you have recently had diarrhea, nausea, or vomiting or if you cannot drink liquids by mouth, which may cause dehydration (loss of a large amount of body fluids). tell your doctor if you are pregnant, plan to become pregnant, or are breastfeeding. If you are pregnant you should not use liraglutide injection (Saxenda) for weight loss. If you become pregnant while using liraglutide injection (Victoza), call your doctor. if you are having surgery, including dental surgery, tell the doctor or dentist that you are using liraglutide injection. ask your doctor what to do if you get sick, develop an infection or fever, experience unusual stress, or are injured. These conditions can affect your blood sugar and the amount of liraglutide you may need."
Diclofenac and Misoprostol;https://medlineplus.gov/druginfo/meds/a699002.html;Why is this medication prescribed? The combination of diclofenac and misoprostol is used to relieve the pain, tenderness, swelling, and stiffness caused by osteoarthritis (arthritis caused by a breakdown of the lining of the joints) and rheumatoid arthritis (arthritis caused by swelling of the lining of the joints) in patients who have a high risk of developing stomach ulcers. Diclofenac is in a class of medications called nonsteroidal anti-inflammatory drugs (NSAIDs). It works by stopping the body's production of a substance that causes pain and inflammation. Misoprostol is in a class of medications called prostaglandins. It prevents ulcers caused by diclofenac by protecting the stomach lining and decreasing stomach acid production.;What side effects can this medication cause? Diclofenac and misoprostol may cause side effects. Tell your doctor if any of these symptoms are severe or do not go away: gas or bloating constipation headache Some side effects can be serious. If you experience any of the following symptoms or those mentioned in the IMPORTANT WARNING section, call your doctor immediately or get emergency medical help. Do not take any more diclofenac and misoprostol until you speak to your doctor. diarrhea unexplained weight gain shortness of breath or difficulty breathing swelling in the abdomen, ankles, feet, or legs unusual tiredness or weakness lack of energy upset stomach loss of appetite pain in the upper right part of the stomach yellowing of the skin or eyes flu-like symptoms pale skin fast heartbeat rash or blistering or peeling skin with fever hives itching swelling of the eyes, face, lips, tongue, throat, arms, or hands difficulty swallowing hoarseness unusual vaginal bleeding cloudy, discolored, or bloody urine back pain difficult or painful urination Diclofenac and misoprostol may cause other side effects. Call your doctor if you have any unusual problems while taking this medication. If you experience a serious side effect, you or your doctor may send a report to the Food and Drug Administration's (FDA) MedWatch Adverse Event Reporting program online ( https://www.fda.gov/Safety/MedWatch ) or by phone (1-800-332-1088).;"What special precautions should I follow? Before taking diclofenac and misoprostol, tell your doctor and pharmacist if you are allergic to diclofenac (Cambia, Cataflam, Flector, Licart, Pennsaid, Zipsor), misoprostol (Cytotec), aspirin or other NSAIDs such as ibuprofen (Advil, Motrin) and naproxen (Aleve, Naprosyn), any other medications, or any of the inactive ingredients in diclofenac and misoprostol tablets. Ask your pharmacist for a list of the inactive ingredients. tell your doctor and pharmacist what prescription and nonprescription medications, vitamins, nutritional supplements, and herbal products you are taking or plan to take. Be sure to mention any of the medications listed in the IMPORTANT WARNING section. Your doctor may need to change the doses of your medications or monitor you carefully for side effects. talk to your doctor if you need to take an antacid during your treatment with diclofenac and misoprostol. You should not take antacids that contain magnesium (Mylanta, others). tell your doctor if you have or have ever had any of the conditions mentioned in the IMPORTANT WARNING section or inflammatory bowel disease (swelling of the lining of the intestine that may cause painful or bloody diarrhea and cramping); asthma, especially if you also have frequent stuffed or runny nose or nasal polyps (swelling of the lining of the nose); heart failure; liver or kidney disease; or swelling of the hands, feet, ankles, or lower legs. tell your doctor if you are breast-feeding. if you are having surgery, including dental surgery, tell the doctor or dentist that you are taking diclofenac and misoprostol."
Alfuzosin;https://medlineplus.gov/druginfo/meds/a604002.html;Why is this medication prescribed? Alfuzosin is used in men to treat symptoms of an enlarged prostate (benign prostatic hyperplasia or BPH), which include difficulty urinating (hesitation, dribbling, weak stream, and incomplete bladder emptying), painful urination, and urinary frequency and urgency. Alfuzosin is in a class of medications called alpha blockers. It works by relaxing the muscles in the prostate and bladder to allow urine to flow more easily.;What side effects can this medication cause? Alfuzosin may cause side effects. Tell your doctor if any of these symptoms or those listed in the SPECIAL PRECAUTIONS section are severe or do not go away: tiredness headache runny or stuffy nose pain stomach pain heartburn constipation nausea decrease in sexual ability sore throat, fever, chills, cough and other signs of infection Some side effects can be serious. If you experience any of these symptoms, call your doctor immediately: rash swelling of the face, throat, tongue, lips, eyes, hands, feet, ankles, or lower legs hoarseness difficulty swallowing or breathing chest pain fainting Alfuzosin may cause other side effects. Call your doctor if you have any unusual problems while taking this medication.;"What special precautions should I follow? Before taking alfuzosin, tell your doctor and pharmacist if you are allergic to alfuzosin, any other medications, or any of the ingredients in alfuzosin. Ask your pharmacist for a list of the ingredients. tell your doctor if you have liver disease. Your doctor may tell you not to take alfuzosin. Some medications should not be taken with alfuzosin. Other medications may require dosing changes or extra monitoring when taken with alfuzosin. Make sure you have discussed any medications you are currently taking or plan to take before starting alfuzosin with your doctor and pharmacist. Before starting, stopping, or changing any medications while taking alfuzosin, please get the advice of your doctor or pharmacist.. The following nonprescription product may interact with alfuzosin: cimetidine (Tagamet). Be sure to let your doctor and pharmacist know that you are taking these medications before you start taking alfuzosin. Do not start any of these medications while taking alfuzosin without discussing with your healthcare provider.. tell your doctor if you or any member of your family have an irregular heartbeat; or if you have or have ever had prostate cancer; angina (chest pain); low blood pressure; or heart or kidney disease; and if you have ever become dizzy, fainted, or had low blood pressure after taking any medication. you should know that alfuzosin is only for use in men. Women should not take alfuzosin, especially if they are or could become pregnant or are breast-feeding. If a pregnant woman takes alfuzosin, she should call her doctor. if you are having surgery, including dental surgery, tell the doctor or dentist that you are taking alfuzosin. If you need to have eye surgery at any time during or after your treatment, be sure to tell your doctor that you are taking or have taken alfuzosin. you should know that alfuzosin may cause dizziness, lightheadedness, and fainting, especially when you get up too quickly from a lying position. This is more common when you first start taking alfuzosin. To avoid this problem, get out of bed slowly, resting your feet on the floor for a few minutes before standing up. If these symptoms do not improve, call your doctor. Avoid driving, operating machinery, or performing dangerous tasks until you know how this medication affects you."
Albuterol Oral Inhalation;https://medlineplus.gov/druginfo/meds/a682145.html;"Why is this medication prescribed? Albuterol is used to prevent and treat difficulty breathing, wheezing, shortness of breath, coughing, and chest tightness caused by lung diseases such as asthma and chronic obstructive pulmonary disease (COPD; a group of diseases that affect the lungs and airways). Albuterol inhalation aerosol and powder for oral inhalation is also used to prevent breathing difficulties during exercise. Albuterol inhalation aerosol (Proair HFA, Proventil HFA, Ventolin HFA) is used in adults and children 4 years of age and older. Albuterol powder for oral inhalation (Proair Respiclick) is used in children 12 years of age and older. Albuterol solution for oral inhalation is used in adults and children 2 years of age and older. Albuterol is in a class of medications called bronchodilators. It works by relaxing and opening air passages to the lungs to make breathing easier.";What side effects can this medication cause? Albuterol inhalation may cause side effects. Tell your doctor if any of these symptoms are severe or do not go away: uncontrollable shaking of a part of the body nervousness headache nausea vomiting cough throat irritation muscle, bone, or back pain Some side effects can be serious. If you experience any of the following symptoms or those in the SPECIAL PRECAUTIONS section, call your doctor immediately: fast, pounding, or irregular heartbeat chest pain rash hives itching swelling of the face, throat, tongue, lips, eyes, hands, feet, ankles, or lower legs increased difficulty breathing difficulty swallowing hoarseness Albuterol inhalation may cause other side effects. Call your doctor if you have any unusual problems while using this medication. If you experience a serious side effect, you or your doctor may send a report to the Food and Drug Administration's (FDA) MedWatch Adverse Event Reporting program online ( https://www.fda.gov/Safety/MedWatch ) or by phone (1-800-332-1088).;"What special precautions should I follow? Before using albuterol inhalation, tell your doctor and pharmacist if you are allergic to albuterol (Vospire ER, in Combivent, in Duoneb), levalbuterol (Xopenex), any other medications, or any of the ingredients in albuterol inhalation powder or nebulizer solution. If you will be using the inhalation powder, also tell your doctor if you are allergic to milk proteins. Ask your pharmacist for a list of the ingredients. tell your doctor and pharmacist what prescription medications, vitamins, nutritional supplements, and herbal products you are taking or plan to take. Be sure to mention any of the following: beta blockers such as atenolol (Tenormin), labetalol (Trandate), metoprolol (Lopressor, Toprol XL), nadolol (Corgard), and propranolol (Inderal); digoxin (Lanoxin); diuretics ('water pills'); epinephrine (Epipen, Primatene Mist); other inhaled medications used to relax the air passages such as metaproterenol and levalbuterol (Xopenex); and medications for colds. Also tell your doctor or pharmacist if you are taking the following medications or have stopped taking them within the past 2 weeks: antidepressants such as amitriptyline, amoxapine, clomipramine (Anafranil), desipramine (Norpramin), doxepin (Silenor), imipramine (Tofranil), nortriptyline ( Pamelor), protriptyline (Vivactil), and trimipramine (Surmontil); and monoamine oxidase (MAO) inhibitors, including isocarboxazid (Marplan), phenelzine (Nardil), selegiline (Eldepryl, Emsam), and tranylcypromine (Parnate). Your doctor may need to change the doses of your medications or monitor you carefully for side effects. tell your doctor if you have or have ever had an irregular heartbeat, heart disease, high blood pressure, hyperthyroidism (condition in which there is too much thyroid hormone in the body), diabetes, or seizures. tell your doctor if you are pregnant, plan to become pregnant, or are breast-feeding. If you become pregnant while using albuterol, call your doctor. you should know that albuterol inhalation sometimes causes wheezing and difficulty breathing immediately after it is inhaled. If this happens, call your doctor right away. Do not use albuterol inhalation again unless your doctor tells you that you should."
Omeprazole;https://medlineplus.gov/druginfo/meds/a693050.html;Why is this medication prescribed? Prescription omeprazole is used alone or with other medications to treat the symptoms of gastroesophageal reflux disease (GERD), a condition in which backward flow of acid from the stomach causes heartburn and possible injury of the esophagus (the tube between the throat and stomach) in adults and children 1 year of age and older. Prescription omeprazole is used to treat damage from GERD in adults and children 1 month of age and older. Prescription omeprazole is used to allow the esophagus to heal and prevent further damage to the esophagus in adults and children 1 year of age and older with GERD. Prescription omeprazole is also used to treat conditions in which the stomach produces too much acid such as Zollinger-Ellison syndrome in adults. Prescription omeprazole is also used to treat ulcers (sores in the lining of the stomach or intestine) and it is also used with other medications to treat and prevent the return of ulcers caused by a certain type of bacteria ( H. pylori ) in adults. Nonprescription (over-the-counter) omeprazole is used to treat frequent heartburn (heartburn that occurs at least 2 or more days a week) in adults. Omeprazole is in a class of medications called proton-pump inhibitors. It works by decreasing the amount of acid made in the stomach.;"What side effects can this medication cause? Omeprazole may cause side effects. Tell your doctor if any of these symptoms are severe or do not go away: constipation gas nausea diarrhea vomiting headache in men, difficulty achieving or maintaining an erection Some side effects can be serious. If you experience any of these symptoms, call your doctor immediately, or get emergency medical help: blisters, peeling, or bleeding skin; sores on the lips, nose, mouth, or genitals; swollen glands; shortness of breath; fever; or flu-like symptoms rash; hives; itching; swelling of the eyes, face, lips, mouth, throat, or tongue; difficulty breathing or swallowing; or hoarseness irregular, fast, or pounding heartbeat; muscle spasms; uncontrollable shaking of a part of the body; excessive tiredness; lightheadedness; dizziness; or seizures severe diarrhea with watery stools, stomach pain, or fever that does not go away new or worsening joint pain; rash on cheeks or arms that is sensitive to sunlight increased or decreased urination, blood in urine, fatigue, nausea, loss of appetite, fever, rash, or joint pain People who take proton pump inhibitors such as omeprazole may be more likely to fracture their wrists, hips, or spine than people who do not take one of these medications. People who take proton pump inhibitors may also develop fundic gland polyps (a type of growth on the stomach lining). These risks are highest in people who take high doses of one of these medications or take them for one year or longer. Talk to your doctor about the risk of taking omeprazole. Omeprazole may cause other side effects. Call your doctor if you have any unusual problems while taking this medication. If you experience a serious side effect, you or your doctor may send a report to the Food and Drug Administration's (FDA) MedWatch Adverse Event Reporting program online ( https://www.fda.gov/Safety/MedWatch ) or by phone (1-800-332-1088).";"What special precautions should I follow? Before taking omeprazole, tell your doctor and pharmacist if you are allergic to omeprazole, dexlansoprazole (Dexilant), esomeprazole (Nexium), lansoprazole (Prevacid), pantoprazole (Protonix), rabeprazole (Aciphex), any other medications, or any of the ingredients in the omeprazole product you will be taking. Ask your pharmacist or check the package label for a list of the ingredients. Some medications should not be taken with omeprazole. Other medications may cause dosing changes or extra monitoring when taken with omeprazole. Make sure you have discussed any medications you are currently taking or plan to take before starting omeprazole with your doctor and pharmacist. Before starting, stopping, or changing any medications while taking omeprazole, please get the advice of your doctor or pharmacist. The following nonprescription or herbal products may interact with omeprazole: iron supplements, St. John's wort. Be sure to let your doctor and pharmacist know that you are taking these medications before you start taking omeprazole. Do not start any of these medications while taking omeprazole without discussing with your healthcare provider. if you plan to take nonprescription omeprazole, tell your doctor if your heartburn has lasted 3 months or longer, if you have taken nonprescription omeprazole for a longer period of time than stated on the package, or if you have experienced any of the following symptoms: lightheadedness, sweating, or dizziness along with your heartburn; chest pain or shoulder pain; shortness of breath or wheezing; pain that spreads to your arms, neck, or shoulders; unexplained weight loss; nausea; vomiting, especially if the vomit is bloody; stomach pain; difficulty swallowing food or pain when you swallow food; or black or bloody stools. You may have a more serious condition that cannot be treated with nonprescription medication. tell your doctor if you are of Asian descent and if you have or have ever had a low level of magnesium, calcium, or potassium in your blood; hypoparathyroidism (condition in which the body does not produce enough parathyroid hormone [PTH; a natural substance needed to control the amount of calcium in the blood]); low levels of vitamin B12 in your body; osteoporosis (a condition in which the bones become thin and weak and break easily); an autoimmune disease (condition in which the body attacks its own organs, causing swelling and loss of function) such as systemic lupus erythematosus; or liver disease."
Levothyroxine;https://medlineplus.gov/druginfo/meds/a682461.html;Why is this medication prescribed? Levothyroxine is used to treat hypothyroidism (condition where the thyroid gland does not produce enough thyroid hormone). It is also used with surgery and radioactive iodine therapy to treat thyroid cancer. Levothyroxine is in a class of medications called hormones. It works by replacing thyroid hormone that is normally produced by the body. Without thyroid hormone, your body cannot function properly, which may result in poor growth, slow speech, lack of energy, excessive tiredness, constipation, weight gain, hair loss, dry, thick skin, increased sensitivity to cold, joint and muscle pain, heavy or irregular menstrual periods, and depression. When taken correctly, levothyroxine reverses these symptoms.;What side effects can this medication cause? Levothyroxine may cause side effects. Tell your doctor if any of these symptoms are severe or do not go away: weight gain or loss headache vomiting diarrhea changes in appetite fever changes in menstrual cycle sensitivity to heat hair loss joint pain leg cramps Some side effects can be serious. If you experience either of the following symptoms or those listed in the IMPORTANT WARNING section, call your doctor immediately or get emergency medical treatment: shortness of breath, wheezing, hives, itching, rash, flushing, stomach pain, nausea, or swelling of hands, feet, ankles, or lower legs If you experience a serious side effect, you or your doctor may send a report to the Food and Drug Administration's (FDA) MedWatch Adverse Event Reporting program online ( https://www.fda.gov/Safety/MedWatch ) or by phone (1-800-332-1088).;"What special precautions should I follow? Before taking levothyroxine, tell your doctor and pharmacist if you are allergic to levothyroxine, thyroid hormone, any other medications, or any of the ingredients in levothyroxine tablets or capsules. Ask your pharmacist for a list of the ingredients. tell your doctor and pharmacist what prescription and nonprescription medications, vitamins, nutritional supplements, and herbal products you are taking or plan to take while taking levothyroxine. ; Your doctor may need to change the doses of your medications or monitor you carefully for side effects. if you take calcium carbonate (Tums) or ferrous sulfate (iron supplement), take it at least 4 hours before or 4 hours after you take levothyroxine. If you take cholestyramine (Prevalite), colesevelam (Welchol), colestipol (Colestid), sevelamer (Renvela, Renagel), or sodium polystyrene sulfonate (Kayexalate), take it at least 4 hours after you take levothyroxine. the following nonprescription products may interact with levothyroxine: proton pump inhibitors such as esomeprazole (Nexium), lansoprazole (Prevacid), and omeprazole (Prilosec); antacids; simethicone; salicylate pain relievers such as aspirin and aspirin-containing products, choline magnesium trisalicylate, choline salicylate (Arthropan), diflunisal (Dolobid), magnesium salicylate (Doan's, others), and salsalate (Argesic, Disalcid, Salgesic); niacin; nonsteroidal anti-inflammatory medications (NSAIDs) such as ibuprofen (Advil, Motrin) and naproxen (Aleve, Naprosyn). Be sure to let your doctor and pharmacist know that you are taking these medications before you start taking levothyroxine. Do not start any of these medications while taking levothyroxine without discussing with your healthcare provider. tell your doctor if you have adrenal insufficiency (condition in which the adrenal glands do not produce enough of certain hormones needed for important body functions). Your doctor may tell you not to take levothyroxine. tell your doctor if you have recently received radiation therapy or if you have or have ever had diabetes; hardening of the arteries (atherosclerosis); bleeding problems or anemia; porphyria (condition in which abnormal substances build up in the blood and cause problems with the skin or nervous system); osteoporosis (a condition in which the bones become thin and weak and break easily); pituitary gland (a small gland in the brain) disorders; any condition that makes it difficult for you to swallow; or kidney, heart, or liver disease. tell your doctor if you are pregnant, plan to become pregnant or are breastfeeding. If you become pregnant while taking levothyroxine, call your doctor. if you have surgery, including dental surgery, tell the doctor or dentist that you are taking levothyroxine."
Warfarin;https://medlineplus.gov/druginfo/meds/a682277.html;Why is this medication prescribed? Warfarin is used to prevent blood clots from forming or growing larger in your blood and blood vessels. It is prescribed for people with certain types of irregular heartbeat, people with prosthetic (replacement or mechanical) heart valves, and people who have suffered a heart attack. Warfarin is also used to treat or prevent venous thrombosis (swelling and blood clot in a vein) and pulmonary embolism (a blood clot in the lung). Warfarin is in a class of medications called anticoagulants ('blood thinners'). It works by decreasing the clotting ability of the blood.;What side effects can this medication cause? Warfarin may cause side effects. Tell your doctor if any of these symptoms are severe or do not go away: gas abdominal pain bloating change in the way things taste loss of hair feeling cold or having chills If you experience any of the following symptoms, or those listed in the IMPORTANT WARNING section, call your doctor immediately: hives rash itching difficulty breathing or swallowing swelling of the face, throat, tongue, lips, or eyes hoarseness chest pain or pressure swelling of the hands, feet, ankles, or lower legs fever infection nausea vomiting diarrhea extreme tiredness lack of energy loss of appetite pain in the upper right part of the stomach yellowing of the skin or eyes flu-like symptoms You should know that warfarin may cause necrosis or gangrene (death of skin or other body tissues). Call your doctor immediately if you notice a purplish or darkened color to your skin, skin changes, ulcers, or an unusual problem in any area of your skin or body, or if you have a severe pain that occurs suddenly, or color or temperature change in any area of your body.  Call your doctor immediately if your toes become painful or become purple or dark in color. You may need medical care right away to prevent amputation (removal) of your affected body part. Warfarin may cause other side effects. Call your doctor if you have any unusual problems while taking this medication.;"What special precautions should I follow? Before taking warfarin, tell your doctor and pharmacist if you are allergic to warfarin, any other medications, or any of the ingredients in warfarin tablets. Ask your pharmacist or check the Medication Guide for a list of the ingredients. do not take two or more medications that contain warfarin at the same time. Be sure to check with your doctor or pharmacist if you are uncertain if a medication contains warfarin or warfarin sodium. tell your doctor and pharmacist what prescription and nonprescription medications, vitamins, and nutritional supplements you are taking or plan to take while taking warfarin. Your doctor may change the doses of your medications or monitor you carefully for side effects. the following nonprescription or herbal products may interact with warfarin: coenzyme Q10 (Ubidecarenone), Echinacea, garlic, Ginkgo biloba, ginseng, goldenseal, and St. John's wort; omeprazole (Prilosec); famotidine (Pepcid AC); aspirin and nonsteroidal anti-inflammatory drugs (NSAIDS) such as ibuprofen (Advil, Motrin, others) and naproxen (Aleve). Be sure to let your doctor and pharmacist know that you are taking these medications before you start taking warfarin. Do not start any of these medications while taking warfarin without discussing with your healthcare provider. tell your doctor if you have or have ever had diabetes. Also tell your doctor if you have an infection, a gastrointestinal illness such as diarrhea, or sprue (an allergic reaction to protein found in grains that causes diarrhea), or an indwelling catheter (a flexible plastic tube that is placed into the bladder to allow the urine to drain out). Tell your doctor if you are pregnant, think you might be pregnant, or plan to become pregnant while taking warfarin. Pregnant women should not take warfarin unless they have a mechanical heart valve. Talk to your doctor about the use of effective birth control while taking warfarin. If you become pregnant while taking warfarin, call your doctor immediately. Warfarin may harm the fetus. tell your doctor if you are breast-feeding. if you are having surgery, including dental surgery, or any type of medical or dental procedure, tell the doctor or dentist that you are taking warfarin. Your doctor may tell you to stop taking warfarin before the surgery or procedure or change your dosage of warfarin before the surgery or procedure. Follow your doctor's directions carefully and keep all appointments with the laboratory if your doctor orders blood tests to find the best dose of warfarin for you. ask your doctor about the safe use of alcoholic beverages while you are taking warfarin. tell your doctor if you use tobacco products. Cigarette smoking may decrease the effectiveness of this medication."
Amoxicillin;https://medlineplus.gov/druginfo/meds/a685001.html;"Why is this medication prescribed? Amoxicillin is used to treat certain infections caused by bacteria, such as pneumonia; bronchitis (infection of the airway tubes leading to the lungs); and infections of the ears, nose, throat, urinary tract, and skin. It is also used in combination with other medications to eliminate H. pylori , a bacteria that causes ulcers. Amoxicillin is in a class of medications called penicillin-like antibiotics. It works by stopping the growth of bacteria. Antibiotics such as amoxicillin will not work for colds, flu, and other viral infections. Taking antibiotics when they are not needed increases your risk of getting an infection later that resists antibiotic treatment.";What side effects can this medication cause? Amoxicillin may cause side effects. Tell your doctor if any of these symptoms are severe or do not go away: nausea vomiting diarrhea temporary discoloration (yellow, brown, or gray color) of your teeth Some side effects can be serious. If you experience any of these symptoms, stop taking amoxicillin and call your doctor immediately or get emergency medical treatment: rash skin blisters or peeling itching hives wheezing difficulty swallowing or breathing swelling of the face, throat, tongue, lips, and eyes prolonged vomiting (occurring 1 to 4 hours after taking amoxicillin), diarrhea, extreme tiredness, and paleness that may occur within 24 hours of taking amoxicillin severe diarrhea (watery or bloody stools) that may occur with or without fever and stomach cramps (may occur up to 2 months or more after your treatment) Amoxicillin may cause other side effects. Call your doctor if you have any unusual problems while taking this medication. If you experience a serious side effect, you or your doctor may send a report to the Food and Drug Administration's (FDA) MedWatch Adverse Event Reporting program online ( https://www.fda.gov/Safety/MedWatch ) or by phone (1-800-332-1088).;"What special precautions should I follow? Before taking amoxicillin, tell your doctor and pharmacist if you are allergic to amoxicillin, penicillin antibiotics, cephalosporin antibiotics, any other medications, or any of the ingredients in amoxicillin capsules, tablets, chewable tablets, or suspension. Ask your pharmacist for a list of the ingredients. tell your doctor and pharmacist what other prescription and nonprescription medications, vitamins, nutritional supplements, and herbal products you are taking or plan to take while taking amoxicillin. Your doctor may need to change the doses of your medications or monitor you carefully for side effects. You should know that amoxicillin may decrease the effectiveness of hormonal contraceptives (birth control pills). You will need to use another method of contraception to prevent pregnancy while taking amoxicillin. Talk to your doctor about other ways to prevent pregnancy while you are taking this medication. tell your doctor if you have mononucleosis (a virus; also called 'mono') and if you have or have ever had kidney or liver disease, allergies, asthma, hay fever, or hives. tell your doctor if you are pregnant, plan to become pregnant, or are breastfeeding. If you become pregnant while taking amoxicillin, call your doctor."
Atorvastatin;https://medlineplus.gov/druginfo/meds/a600045.html;Why is this medication prescribed? Atorvastatin is used together with diet, weight loss, and exercise to reduce the risk of heart attack and stroke and to decrease the chance that heart surgery will be needed in people who have heart disease or who are at risk of developing heart disease. Atorvastatin is also used to decrease the amount of fatty substances such as low-density lipoprotein (LDL) cholesterol ('bad cholesterol') and triglycerides in the blood and to increase the amount of high-density lipoprotein (HDL) cholesterol ('good cholesterol') in the blood. Atorvastatin may also be used to decrease the amount of cholesterol and other fatty substances in the blood in children and teenagers 10 to 17 years of age who have familial heterozygous hypercholesterolemia (an inherited condition in which cholesterol cannot be removed from the body normally). Atorvastatin is in a class of medications called HMG-CoA reductase inhibitors (statins). It works by slowing the production of cholesterol in the body to decrease the amount of cholesterol that may build up on the walls of the arteries and block blood flow to the heart, brain, and other parts of the body. Accumulation of cholesterol and fats along the walls of your arteries (a process known as atherosclerosis) decreases blood flow and, therefore, the oxygen supply to your heart, brain, and other parts of your body. Lowering your blood level of cholesterol and fats with atorvastatin has been shown to prevent heart disease, angina (chest pain), strokes, and heart attacks.;What side effects can this medication cause? Atorvastatin may cause side effects. Tell your doctor if any of these symptoms are severe or do not go away: diarrhea heartburn gas joint pain forgetfulness or memory loss confusion Some side effects can be serious. The following symptoms are uncommon, but if you experience any of them, call your doctor or get emergency medical help immediately: muscle pain, tenderness, or weakness lack of energy fever chest pain nausea extreme tiredness weakness unusual bleeding or bruising loss of appetite pain in the upper right part of the stomach flu-like symptoms dark colored urine yellowing of the skin or eyes rash hives itching difficulty breathing or swallowing swelling of the face, throat, tongue, lips, eyes, hands, feet, ankles, or lower legs hoarseness Atorvastatin may cause other side effects. Call your doctor if you have any unusual problems while taking this medication. If you experience a serious side effect, you or your doctor may send a report to the Food and Drug Administration's (FDA) MedWatch Adverse Event Reporting program online ( https://www.fda.gov/Safety/MedWatch ) or by phone (1-800-332-1088).;What special precautions should I follow? Before taking atorvastatin, tell your doctor and pharmacist if you are allergic to atorvastatin, any other medications, or any of the ingredients in atorvastatin tablets and suspension. Ask your pharmacist for a list of the ingredients. Tell your doctor and pharmacist what prescription and nonprescription medications, vitamins, nutritional supplements, and herbal products you are taking or plan to take while taking atorvastatin. Your doctor may need to change the doses of your medications or monitor you carefully for side effects. The following nonprescription products may interact with atorvastatin: cimetidine (Tagamet), and niacin. Be sure to let your doctor and pharmacist know that you are taking these medications before you start taking atorvastatin. Do not start any of these medications while taking atorvastatin without discussing with your healthcare provider. tell your doctor if you have or ever had liver disease. Your doctor will order laboratory tests to see how well your liver is working even if you do not think you have liver disease. Your doctor will probably tell you not to take atorvastatin if you have liver disease or if the tests show you may be developing liver disease. tell your doctor if you drink more than 2 alcoholic beverages daily, if you are 65 years of age or older, and if you have or have ever had muscle aches or weakness, diabetes, seizures, low blood pressure, or thyroid or kidney disease. tell your doctor if you are pregnant or plan to become pregnant. If you become pregnant while taking atorvastatin, stop taking atorvastatin and call your doctor immediately. Atorvastatin may harm the fetus. tell your doctor if you are breastfeeding or plan to breastfeed. You should not breastfeed while you are taking this medication. if you are having surgery, including dental surgery, tell the doctor or dentist that you are taking atorvastatin. If you are hospitalized due to serious injury or infection, tell the doctor who treats you that you are taking atorvastatin. ask your doctor about the safe use of alcoholic beverages while you are taking atorvastatin. Alcohol can increase the risk of serious side effects.